age,income,score,zipcode,city
0.23809523809523814,0.8125,0.39999999999999947,90210,Beverly
0.7619047619047619,0.625,1.0,10001,New York
0.0,0.0,0.39999999999999947,60614,Chicago
1.0,1.0,0.0,94103,SF
0.4285714285714284,0.625,0.7999999999999998,73301,Austin
0.5714285714285714,0.4375,0.20000000000000018,94105,San Francisco
